ISO_Code,country,Continent,gdp_ppp,iwi,iwi_source,edu_composite,edu_expected,residual_performance,residual_z,residual_scaled,primary_avg,secondary_avg,tertiary_avg,completion_avg,gov_expenditure_pct_gdp,yearsAbove,yearsBelow,years_data,year_min,year_max
ABW,Aruba,Latin America,37053.3751,94.6788,estimated_from_gdp,90.5651,92.6183,-2.0532,-0.1111,-1.1112,113.7968,105.9825,29.1682,98.0084,5.257,5,15,20,2000,2020
AFG,Afghanistan,Asia/Pacific,2508.9594,39.8669,observed,64.0405,67.2127,-3.1722,-0.4838,-4.8375,99.7937,40.9079,4.8043,86.2687,3.9077,10,8,18,2001,2019
AGO,Angola,Sub-Saharan Africa,10480.0396,35.4444,observed,54.3496,64.3795,-10.03,-0.8049,-8.0489,112.0511,28.4958,7.4065,43.3803,2.8695,2,7,9,2002,2018
ALB,Albania,Europe,12175.4144,84.4684,observed,87.1504,90.0162,-2.8658,-0.023,-0.2301,103.88,91.9934,43.8742,103.9812,3.3824,9,10,19,2002,2020
AND,Andorra,Europe,61569.62,100.0,estimated_from_gdp,73.7813,93.6112,-19.8298,-1.8054,-18.0545,89.5283,88.6944,12.1616,76.1681,2.6716,0,19,19,2002,2020
ARE,United Arab Emirates,Middle East/North Africa,80637.31,100.0,estimated_from_gdp,89.4487,93.6112,-4.1625,-0.5467,-5.4673,95.3693,81.5248,56.1612,85.7896,3.9222,7,12,19,2000,2020
ARG,Argentina,Latin America,25634.6938,86.2021,estimated_from_gdp,99.6034,90.4993,9.1041,1.247,12.4702,115.2429,101.3557,75.0967,101.4667,4.8303,21,0,21,2000,2020
ARM,Armenia,Asia/Pacific,10706.2961,80.3264,observed,82.75,88.5905,-5.8405,-0.408,-4.0801,98.095,89.5753,44.4394,95.6501,2.7303,1,20,21,2000,2020
ATG,Antigua and Barbuda,Latin America,27518.158,87.9032,estimated_from_gdp,106.4111,90.9921,15.4189,0.9359,9.3586,114.9662,113.401,17.8411,109.5658,2.3537,14,0,14,2000,2019
AUS,Australia,Asia/Pacific,57041.4557,100.0,estimated_from_gdp,122.5092,93.6112,28.898,2.0081,20.0811,100.6639,147.6557,112.0961,,5.4185,6,0,6,2015,2020
AUT,Austria,Europe,59363.5146,100.0,estimated_from_gdp,97.1615,93.6112,3.5503,0.2937,2.9365,101.6124,100.2369,78.6906,98.6506,5.4314,18,3,21,2000,2020
AZE,Azerbaijan,Europe,15718.9093,69.1205,observed,83.5911,84.0975,-0.5063,-0.2086,-2.0861,98.4581,87.2997,24.0449,96.0787,2.9353,8,13,21,2000,2020
BDI,Burundi,Sub-Saharan Africa,1012.8198,16.4064,observed,50.1262,48.7281,1.3981,0.2972,2.9722,108.2556,28.8468,3.2349,49.3843,5.1623,12,9,21,2000,2020
BEL,Belgium,Europe,55726.7818,100.0,estimated_from_gdp,115.6062,93.6112,21.995,1.4987,14.9873,102.606,158.0634,68.1706,,6.1647,21,0,21,2000,2020
BEN,Benin,Sub-Saharan Africa,2836.3144,32.775,observed,60.5188,62.4336,-1.9148,-0.2195,-2.1947,110.0145,39.8864,9.6971,61.1046,2.9653,10,10,20,2000,2020
BFA,Burkina Faso,Sub-Saharan Africa,1893.2051,29.4476,observed,37.724,59.6467,-21.9227,-2.0349,-20.3491,71.6938,23.8515,3.9712,45.4991,4.352,0,21,21,2000,2020
BGD,Bangladesh,Asia/Pacific,4378.5722,35.2594,observed,48.6238,64.0329,-15.4091,-1.0417,-10.4174,103.3964,54.9314,12.0248,62.893,1.9913,1,19,20,2000,2020
BGR,Bulgaria,Europe,21309.3727,81.5785,estimated_from_gdp,91.5844,88.9933,2.5911,0.5448,5.4483,102.8907,95.0209,60.923,100.6836,3.9318,19,2,21,2000,2020
BHR,Bahrain,Middle East/North Africa,54802.7942,100.0,estimated_from_gdp,86.7233,93.6112,-6.8879,-0.5108,-5.1081,98.6222,93.5253,40.6065,95.4014,2.5348,0,16,16,2000,2019
BHS,"Bahamas, The",Latin America,34028.2273,92.7873,estimated_from_gdp,85.2125,92.2155,-7.0031,-0.645,-6.4504,88.3551,82.522,,85.4123,2.3789,0,12,12,2002,2014
BIH,Bosnia and Herzegovina,Europe,13829.6846,84.1626,observed,78.0499,89.6645,-11.6146,-0.982,-9.8199,93.8537,84.4936,41.9172,84.6355,3.4847,0,14,14,2007,2020
BLR,Belarus,Europe,21283.5251,81.1104,observed,95.4199,88.8663,6.5536,0.7404,7.4039,100.3152,102.4637,77.5736,100.3646,5.255,21,0,21,2000,2020
BLZ,Belize,Latin America,12008.9878,71.8981,observed,82.2876,85.4999,-3.2123,-0.1057,-1.0568,115.1489,78.4335,20.8814,102.396,5.0573,6,15,21,2000,2020
BMU,Bermuda,North America,100157.3161,100.0,estimated_from_gdp,90.3416,93.6112,-3.2696,-0.3006,-3.0057,104.2029,89.1679,32.984,106.7955,1.9022,6,11,17,2001,2020
BOL,Bolivia,Latin America,9474.3895,59.2767,observed,95.4765,79.3379,16.1386,0.7594,7.5937,106.3663,86.4962,,93.4854,7.2688,21,0,21,2000,2020
BRA,Brazil,Latin America,18247.0289,81.0001,observed,90.0289,88.8323,1.1966,-0.036,-0.36,108.2546,102.2741,48.8789,,6.0379,7,2,9,2012,2020
BRB,Barbados,Latin America,21695.3726,85.7047,observed,99.6419,90.305,9.3369,0.6283,6.2829,99.8943,107.6573,58.2977,97.5104,5.2716,19,0,19,2000,2020
BRN,Brunei Darussalam,Asia/Pacific,90529.3472,100.0,estimated_from_gdp,82.6738,93.6112,-10.9373,-0.9137,-9.1373,103.3815,88.9175,20.835,103.9449,3.2905,0,21,21,2000,2020
BTN,Bhutan,Asia/Pacific,10127.4525,61.0368,observed,71.2821,80.2885,-9.0064,-0.7991,-7.9913,100.4791,64.1446,9.461,81.547,5.3654,3,16,19,2000,2020
BWA,Botswana,Sub-Saharan Africa,14774.964,50.9286,observed,73.8177,74.7265,-0.9088,0.1006,1.0064,103.2349,75.9483,14.4634,92.0274,8.8516,8,6,14,2000,2015
CAF,Central African Republic,Sub-Saharan Africa,1309.1082,16.6833,observed,37.5945,49.0854,-11.4909,-1.0021,-10.0206,74.3926,13.5629,2.1993,33.0348,1.4972,1,11,12,2001,2017
CAN,Canada,North America,54151.836,100.0,estimated_from_gdp,94.6314,93.6112,1.0203,-0.0666,-0.6658,99.0092,106.8631,66.3998,98.263,4.8895,11,6,17,2000,2020
CHE,Switzerland,Europe,73585.1516,100.0,estimated_from_gdp,89.488,93.6112,-4.1232,-0.188,-1.8796,103.0362,98.0829,52.5139,95.8015,4.9604,1,20,21,2000,2020
CHL,Chile,Latin America,24224.6219,86.9777,observed,90.4942,90.7523,-0.2581,0.1475,1.4751,103.0209,95.0696,67.3985,97.5533,4.3606,10,10,20,2000,2020
CHN,China,Asia/Pacific,11372.9559,68.3833,observed,72.1872,83.792,-11.6048,-0.759,-7.5897,102.7675,77.3029,32.1202,100.8804,3.8203,3,16,19,2000,2020
CIV,Cote d'Ivoire,Sub-Saharan Africa,4802.5799,43.7688,observed,53.4243,70.2738,-16.8494,-1.4495,-14.4952,79.9359,46.6855,8.387,55.7858,3.2253,0,16,16,2000,2020
CMR,Cameroon,Sub-Saharan Africa,4384.1611,35.8905,observed,55.8915,64.6095,-8.718,-0.6329,-6.3286,106.6362,41.5755,10.3692,65.8864,2.6952,0,21,21,2000,2020
COD,"Congo, Dem. Rep.",Sub-Saharan Africa,1220.6104,19.405,observed,57.9991,51.4629,6.5362,0.5515,5.515,97.0273,39.3949,6.3879,61.0076,2.0663,9,2,11,2002,2020
COG,"Congo, Rep.",Sub-Saharan Africa,8009.6175,39.9,observed,69.2689,67.3563,1.9127,-0.1531,-1.531,101.8102,46.5959,6.668,67.0006,2.9996,7,9,16,2000,2018
COL,Colombia,Latin America,14348.8306,75.6443,observed,93.5769,86.8602,6.7167,0.9671,9.6712,119.559,94.3844,43.2863,107.396,3.6099,19,1,20,2000,2020
COM,Comoros,Sub-Saharan Africa,3164.1546,42.6636,observed,66.916,69.3985,-2.4825,-0.3658,-3.6584,103.8993,51.0623,6.2177,65.8586,2.9278,3,8,11,2000,2018
CPV,Cabo Verde,Sub-Saharan Africa,6741.1031,63.357,observed,77.4887,81.0566,-3.5679,-0.1892,-1.892,106.402,79.5047,13.1223,91.7687,5.2503,6,15,21,2000,2020
CRI,Costa Rica,Latin America,18882.0773,84.3096,observed,96.1087,89.763,6.3458,0.6106,6.1056,110.5637,100.9304,48.2674,94.6433,5.9767,18,2,20,2000,2020
CUW,Curacao,Latin America,27711.5777,87.9163,estimated_from_gdp,96.4125,90.9654,5.4471,0.2776,2.7765,144.5862,107.8885,18.9814,,5.1163,2,0,2,2013,2020
CYM,Cayman Islands,Latin America,78070.7997,100.0,estimated_from_gdp,83.6562,93.6112,-9.955,-0.7894,-7.8936,101.1124,94.8428,33.9737,103.3766,1.5853,0,14,14,2006,2020
CYP,Cyprus,Europe,40482.6278,96.6787,estimated_from_gdp,88.3536,93.0169,-4.6633,-0.2373,-2.373,99.5551,96.2378,49.2739,98.9547,6.0537,4,17,21,2000,2020
CZE,Czechia,Europe,38796.6646,95.5403,estimated_from_gdp,91.4323,92.7632,-1.3308,0.122,1.2199,101.4472,99.0461,56.738,100.0364,4.2083,6,15,21,2000,2020
DEU,Germany,Europe,55902.2932,100.0,estimated_from_gdp,99.8352,93.6112,6.224,0.4976,4.9755,103.7563,102.0946,68.1237,101.3017,4.6053,21,0,21,2000,2020
DMA,Dominica,Latin America,16202.0198,75.925,estimated_from_gdp,104.1428,87.1245,17.0184,1.0687,10.6874,105.1756,107.0063,,100.9461,4.5928,18,1,19,2000,2020
DNK,Denmark,Europe,61811.6183,100.0,estimated_from_gdp,103.002,93.6112,9.3908,1.2286,12.2865,100.4063,125.4597,75.8489,100.2058,7.8268,21,0,21,2000,2020
DOM,Dominican Republic,Latin America,15398.7864,73.275,observed,87.3945,86.0075,1.387,0.1048,1.0483,110.2593,76.7122,52.2202,92.9187,3.0403,9,11,20,2000,2020
DZA,Algeria,Sub-Saharan Africa,14107.8326,80.5905,observed,85.3362,88.6232,-3.2871,-0.2777,-2.777,111.0534,81.8529,33.0749,97.845,6.0344,5,16,21,2000,2020
ECU,Ecuador,Latin America,11936.909,71.0805,observed,90.202,85.1413,5.0606,0.3857,3.8565,105.4886,81.3608,44.7501,98.0628,4.3899,19,2,21,2000,2020
EGY,"Egypt, Arab Rep.",Sub-Saharan Africa,12390.5026,79.9967,observed,74.7149,88.5104,-13.7955,-1.1816,-11.8158,93.5173,76.9207,30.0143,88.3513,4.0968,2,17,19,2000,2020
ESP,Spain,Europe,43079.1209,98.1158,estimated_from_gdp,101.4959,93.2882,8.2076,1.0192,10.1922,103.0522,119.6708,77.1883,97.4747,4.3579,21,0,21,2000,2020
EST,Estonia,Europe,32650.0256,91.4332,estimated_from_gdp,95.9935,91.8127,4.1808,0.7162,7.1622,100.6023,106.7397,68.907,100.1586,5.1744,21,0,21,2000,2020
ETH,Ethiopia,Sub-Saharan Africa,1278.801,13.4106,observed,45.1122,45.967,-0.8548,-0.128,-1.2797,82.0615,26.8137,4.157,44.2766,4.7367,7,9,16,2000,2020
FIN,Finland,Europe,53319.8633,100.0,estimated_from_gdp,106.4272,93.6112,12.8161,1.6472,16.4722,99.6802,128.1891,91.1657,99.2693,6.3669,21,0,21,2000,2020
FJI,Fiji,Asia/Pacific,10558.5968,72.6744,observed,89.0329,85.7176,3.3153,0.2692,2.6917,99.1667,82.4707,63.3215,96.6893,5.0619,17,2,19,2000,2020
FRA,France,Europe,49427.5961,99.9684,estimated_from_gdp,91.3998,93.6061,-2.2062,-0.2741,-2.7406,102.1928,104.8068,57.6319,92.9304,5.5231,3,18,21,2000,2020
FSM,"Micronesia, Fed. Sts.",Asia/Pacific,3740.2092,42.8433,estimated_from_gdp,92.8732,69.773,23.1002,0.9167,9.1671,98.3612,86.3456,,88.2069,11.8262,10,0,10,2004,2020
GAB,Gabon,Sub-Saharan Africa,20738.2805,52.775,observed,72.1226,75.6818,-3.5592,-0.4281,-4.2813,124.6295,55.1117,11.5852,69.98,2.8743,1,3,4,2001,2019
GBR,United Kingdom,Europe,47875.4676,99.7527,estimated_from_gdp,93.2626,93.57,-0.3074,-0.0122,-0.1225,102.9183,108.1162,59.64,98.9897,5.1136,7,14,21,2000,2020
GEO,Georgia,Asia/Pacific,11771.2302,72.8967,observed,91.0228,85.6054,5.4175,0.8142,8.1422,105.3927,99.1246,47.2601,106.1493,2.8983,19,2,21,2000,2020
GHA,Ghana,Sub-Saharan Africa,4758.2138,42.81,observed,62.5445,69.4274,-6.8829,-0.5458,-5.4582,93.0907,51.6911,11.9432,78.5072,5.0754,0,20,20,2000,2020
GIN,Guinea,Sub-Saharan Africa,2788.989,30.3026,observed,48.718,60.2358,-11.5177,-0.9965,-9.9648,85.2279,32.4727,8.0486,53.4015,2.0511,0,21,21,2000,2020
GMB,"Gambia, The",Sub-Saharan Africa,2632.4248,47.9316,observed,64.8082,72.8533,-8.0451,-0.822,-8.2195,77.0795,48.7243,2.1234,62.141,1.8053,3,16,19,2000,2020
GNB,Guinea-Bissau,Sub-Saharan Africa,2066.0943,28.0756,observed,58.5339,58.8431,-0.3093,-0.3367,-3.3667,106.6681,28.0357,2.3469,45.3014,1.6822,1,3,4,2000,2010
GNQ,Equatorial Guinea,Sub-Saharan Africa,27068.2913,71.5631,observed,44.1909,81.847,-37.6561,-2.4262,-24.2616,66.1013,19.5703,4.4648,34.8015,,0,13,13,2000,2019
GRC,Greece,Europe,34135.5596,92.7706,estimated_from_gdp,99.725,92.1944,7.5306,0.9831,9.8307,98.7987,101.6176,102.9758,97.7718,3.853,14,5,19,2000,2020
GRD,Grenada,Latin America,14183.9926,72.896,estimated_from_gdp,103.656,85.9389,17.7172,1.1931,11.9305,103.1996,106.9446,86.5499,106.5823,4.0752,14,0,14,2002,2018
GTM,Guatemala,Latin America,10029.5507,60.1876,observed,66.9543,79.8694,-12.9151,-1.1729,-11.7291,107.7783,47.3183,17.3607,77.0209,3.0428,0,20,20,2000,2020
GUY,Guyana,Latin America,10199.2768,68.0641,observed,81.3454,83.7918,-2.4464,-0.2032,-2.0322,100.3551,91.437,10.4775,96.4578,4.6795,3,9,12,2000,2020
HKG,"Hong Kong SAR, China",Asia/Pacific,55468.3539,99.4662,estimated_from_gdp,91.4866,93.518,-2.0314,0.0122,0.1216,103.4975,93.519,59.3445,100.1691,3.7513,9,11,20,2001,2020
HND,Honduras,Latin America,5505.3523,62.6228,observed,69.2099,81.0835,-11.8737,-1.1558,-11.5577,96.1007,58.0775,19.859,79.9259,6.1647,3,16,19,2000,2020
HRV,Croatia,Europe,29280.4959,89.2841,estimated_from_gdp,91.4644,91.3495,0.1149,0.2779,2.7786,99.2,100.4626,58.6048,99.2188,4.5036,9,10,19,2001,2020
HUN,Hungary,Europe,29267.1121,89.1802,estimated_from_gdp,91.0115,91.3043,-0.2927,0.2339,2.3391,100.2742,101.1325,55.5251,97.9929,4.7971,12,9,21,2000,2020
IDN,Indonesia,Asia/Pacific,9090.5848,61.9238,observed,80.7835,80.6549,0.1286,0.2765,2.7646,110.2152,76.5666,25.2372,102.7222,2.5418,12,9,21,2000,2020
IND,India,Asia/Pacific,5218.8071,45.2619,observed,67.8246,70.9277,-3.1031,0.0081,0.0815,108.35,64.2916,19.5885,92.2261,3.8174,9,12,21,2000,2020
IRL,Ireland,Europe,69026.9422,100.0,estimated_from_gdp,97.5634,93.6112,3.9522,0.5171,5.1711,102.2124,117.3124,64.71,97.3535,4.5318,15,6,21,2000,2020
IRN,"Iran, Islamic Rep.",Middle East/North Africa,14545.9773,73.644,observed,85.7649,86.2461,-0.4812,0.1326,1.3259,108.0043,83.5719,42.6215,101.2838,3.6628,11,9,20,2000,2020
IRQ,Iraq,Asia/Pacific,10153.9689,73.153,observed,61.2109,86.0175,-24.8066,-2.2397,-22.3968,96.2492,43.2514,13.7538,63.181,,0,4,4,2000,2007
ISL,Iceland,Europe,58220.6389,100.0,estimated_from_gdp,97.1341,93.6112,3.5229,0.6453,6.4529,98.8451,112.2606,69.8593,99.0911,7.2941,19,2,21,2000,2020
ISR,Israel,Middle East/North Africa,37826.5889,95.0626,estimated_from_gdp,88.5416,92.6808,-4.1392,-0.195,-1.95,96.9137,96.7516,57.4117,96.2993,5.7992,0,21,21,2000,2020
ITA,Italy,Europe,49600.0643,99.9705,estimated_from_gdp,93.2839,93.6064,-0.3225,0.2307,2.307,102.133,100.1033,62.7155,100.7061,4.2628,11,10,21,2000,2020
JAM,Jamaica,Latin America,10109.92,72.9878,observed,79.7957,85.8374,-6.0416,-0.5445,-5.4453,95.7845,85.7192,21.0474,87.3301,5.4824,6,14,20,2000,2020
JOR,Jordan,Asia/Pacific,9762.3567,90.6556,observed,80.6983,91.6974,-10.9991,-0.9389,-9.3891,94.9948,86.869,35.6159,92.4797,3.1522,1,17,18,2000,2020
JPN,Japan,Asia/Pacific,43670.8677,98.4444,estimated_from_gdp,91.6382,93.3495,-1.7113,-0.2506,-2.5058,102.3814,102.0983,62.5189,,3.2441,0,8,8,2013,2020
KAZ,Kazakhstan,Asia/Pacific,25343.3819,79.2208,observed,94.6454,88.1392,6.5062,0.4449,4.4485,101.4372,100.0254,51.493,100.4768,3.2212,20,1,21,2000,2020
KEN,Kenya,Sub-Saharan Africa,4125.7857,29.4429,observed,66.9018,59.6399,7.2619,0.2979,2.9788,100.9426,47.4978,5.5381,95.6842,5.664,9,5,14,2000,2019
KGZ,Kyrgyz Republic,Asia/Pacific,4898.0369,71.6381,observed,82.8064,85.1682,-2.3618,-0.0039,-0.0387,97.994,86.8057,41.6763,96.0066,5.7624,0,21,21,2000,2020
KHM,Cambodia,Asia/Pacific,3929.9853,43.5381,observed,76.5374,69.583,6.9544,0.4013,4.0132,124.1932,38.7367,9.0294,88.2136,1.8553,14,7,21,2000,2020
KIR,Kiribati,Asia/Pacific,2395.3041,35.2447,observed,98.317,64.267,34.0499,2.1293,21.2931,105.6032,79.6291,,105.2917,12.0432,13,0,13,2000,2020
KNA,St. Kitts and Nevis,Latin America,24241.08,84.9388,estimated_from_gdp,105.2337,90.1346,15.099,1.1335,11.3354,111.9003,102.7633,67.2159,106.7694,3.5055,15,1,16,2000,2016
KOR,"Korea, Rep.",Asia/Pacific,38933.1826,95.2451,estimated_from_gdp,98.0089,92.6681,5.3409,0.8413,8.4129,99.9707,97.6513,93.7229,99.9051,4.3126,21,0,21,2000,2020
KWT,Kuwait,Middle East/North Africa,67214.7319,97.975,observed,94.2256,93.2368,0.9888,-0.1158,-1.1583,103.4546,97.0291,31.6418,99.7121,5.3969,9,7,16,2000,2015
LAO,Lao PDR,Asia/Pacific,5218.1746,55.7138,observed,67.0641,76.8579,-9.7938,-0.7904,-7.9043,112.8493,50.5834,12.3532,84.8245,2.3455,0,21,21,2000,2020
LBR,Liberia,Sub-Saharan Africa,1606.6164,28.0449,observed,67.0432,58.7886,8.2546,0.2053,2.0532,91.0499,38.2404,18.0451,60.1513,2.0806,8,2,10,2000,2020
LBY,Libya,Middle East/North Africa,18872.584,79.3519,estimated_from_gdp,95.0052,88.3579,6.6474,0.1804,1.8038,105.9566,102.1087,59.7417,,,4,1,5,2001,2006
LCA,St. Lucia,Latin America,20512.9757,81.9228,observed,81.4683,89.2188,-7.7504,-0.674,-6.7404,100.6121,87.6853,15.1412,98.53,3.9031,3,18,21,2000,2020
LKA,Sri Lanka,Asia/Pacific,10705.3962,65.7185,estimated_from_gdp,87.1123,82.6372,4.4751,0.0631,0.6312,97.9621,94.7723,17.973,97.0282,1.9832,8,11,19,2001,2020
LSO,Lesotho,Sub-Saharan Africa,2560.3029,33.191,observed,69.8042,62.5236,7.2806,0.5788,5.7878,114.1683,46.0973,6.5112,74.7269,9.1065,16,5,21,2000,2020
LTU,Lithuania,Europe,29548.3594,88.6911,estimated_from_gdp,97.0493,91.0248,6.0245,0.915,9.15,102.5917,104.0236,73.3941,102.0621,4.8239,21,0,21,2000,2020
LUX,Luxembourg,Europe,128178.7517,100.0,estimated_from_gdp,82.9229,93.6112,-10.6882,-0.9812,-9.8122,98.3883,100.2167,15.7128,80.9273,4.2766,6,14,20,2000,2020
LVA,Latvia,Europe,26331.7749,86.3157,estimated_from_gdp,96.8441,90.423,6.4211,0.9578,9.5776,102.0641,104.2498,74.7928,100.3783,5.1681,21,0,21,2000,2020
MAC,"Macao SAR, China",Asia/Pacific,110263.963,100.0,estimated_from_gdp,89.971,93.6112,-3.6402,-0.127,-1.27,101.5783,92.2432,64.2528,96.2114,2.8023,3,18,21,2000,2020
MAR,Morocco,Sub-Saharan Africa,7114.5583,73.5026,observed,70.4064,85.7279,-15.3215,-1.3933,-13.9328,106.3952,59.3461,19.9881,83.2286,5.1922,3,18,21,2000,2020
MDA,Moldova,Europe,12986.342,71.8994,observed,93.2185,85.5495,7.669,1.0923,10.9229,105.1756,99.6563,53.2729,105.4924,5.9846,7,0,7,2014,2020
MDG,Madagascar,Sub-Saharan Africa,1650.1228,23.4286,observed,60.8089,54.9458,5.8631,0.6567,6.5666,131.0688,32.1192,3.7164,57.8412,2.7705,17,4,21,2000,2020
MDV,Maldives,Asia/Pacific,17062.1305,80.1539,observed,89.7569,88.5334,1.2235,-0.2648,-2.6482,106.6304,65.3322,21.4295,101.415,4.6016,13,8,21,2000,2020
MEX,Mexico,Latin America,20682.4208,78.0416,observed,85.4052,87.6413,-2.2361,0.0244,0.2438,108.4184,89.3753,29.6973,102.1942,4.5869,6,15,21,2000,2020
MHL,Marshall Islands,Asia/Pacific,4549.7328,46.9568,estimated_from_gdp,89.5152,72.4074,17.1078,1.1211,11.2107,98.9201,82.0271,28.6155,95.7537,9.9866,13,0,13,2002,2020
MKD,North Macedonia,Europe,16204.1012,87.8477,observed,79.7214,90.7991,-11.0776,-0.9082,-9.0822,96.1681,83.9635,35.5819,96.0736,3.3001,0,19,19,2000,2020
MLI,Mali,Sub-Saharan Africa,2580.7276,26.5158,observed,42.5075,57.2663,-14.7588,-1.3249,-13.2495,72.1745,32.7759,4.5281,45.5907,3.4553,0,19,19,2000,2018
MLT,Malta,Middle East/North Africa,39537.9994,95.3175,estimated_from_gdp,87.6189,92.7047,-5.0858,-0.2803,-2.8031,101.7585,98.238,39.4562,100.3422,5.6002,0,21,21,2000,2020
MMR,Myanmar,Asia/Pacific,3327.5505,47.6,observed,77.16,72.8752,4.2848,0.1298,1.2978,107.7136,51.1685,14.3075,87.2175,2.0823,9,6,15,2000,2018
MNE,Montenegro,Europe,19797.2054,90.05,observed,86.256,91.5543,-5.2982,-0.3753,-3.7535,106.313,92.5105,47.353,95.8368,,0,16,16,2003,2020
MNG,Mongolia,Asia/Pacific,10569.2276,57.9466,observed,84.9772,78.6055,6.3717,0.5198,5.1984,102.5113,85.8732,53.4753,96.0322,4.939,18,3,21,2000,2020
MOZ,Mozambique,Sub-Saharan Africa,1224.646,22.25,observed,47.4187,53.8959,-6.4772,-0.4807,-4.8066,108.0444,23.8626,4.2686,46.6405,5.3935,1,19,20,2000,2020
MRT,Mauritania,Sub-Saharan Africa,5655.2663,32.8714,observed,45.2246,62.3058,-17.0812,-1.4896,-14.8958,89.2305,25.8238,4.4967,58.232,2.1845,0,21,21,2000,2020
MUS,Mauritius,Sub-Saharan Africa,19130.1871,82.247,observed,81.4445,89.1311,-7.6866,-0.5633,-5.6325,99.6121,88.4594,30.1731,95.8761,3.9127,0,21,21,2000,2020
MWI,Malawi,Sub-Saharan Africa,1430.3112,19.8211,observed,71.1349,51.7826,19.3522,1.5864,15.8636,138.5473,34.9226,0.5015,67.6748,3.2443,19,0,19,2000,2019
MYS,Malaysia,Asia/Pacific,24098.57,86.136,observed,80.0065,90.4498,-10.4433,-0.8519,-8.5192,98.8503,80.0852,35.7257,97.7358,5.3088,0,21,21,2000,2020
NAM,Namibia,Sub-Saharan Africa,10065.3001,50.4288,observed,85.2694,74.1949,11.0745,0.5475,5.4755,120.3271,64.6047,15.8225,89.5165,8.188,16,3,19,2000,2020
NER,Niger,Sub-Saharan Africa,1364.7183,17.5395,observed,31.4298,49.7619,-18.3321,-1.6497,-16.4973,58.6284,12.8938,2.2379,42.2808,3.127,0,21,21,2000,2020
NGA,Nigeria,Sub-Saharan Africa,7320.4485,38.41,observed,60.4158,66.6255,-6.2097,-0.595,-5.9504,90.0168,38.8771,10.4251,78.4212,0.4622,4,16,20,2000,2020
NIC,Nicaragua,Latin America,5943.5288,51.263,observed,74.8931,75.0412,-0.148,-0.1457,-1.4572,111.3849,63.3878,17.2632,72.8875,3.7296,8,11,19,2000,2020
NLD,Netherlands,Europe,61438.8008,100.0,estimated_from_gdp,101.8868,93.6112,8.2756,0.4586,4.5862,106.6445,119.9066,66.6184,,5.158,19,0,19,2000,2020
NOR,Norway,Europe,83989.4513,100.0,estimated_from_gdp,99.4659,93.6112,5.8548,0.8967,8.9669,99.3862,114.3608,77.1952,99.4884,7.1965,21,0,21,2000,2020
NPL,Nepal,Asia/Pacific,3152.4092,40.2513,observed,74.3705,67.4687,6.9018,0.7713,7.713,131.2446,56.6546,10.1429,90.0902,3.5384,16,4,20,2000,2020
NRU,Nauru,Asia/Pacific,8756.8517,61.6399,estimated_from_gdp,79.2956,80.756,-1.4604,-0.2191,-2.1911,97.7753,59.2235,,100.4033,8.0411,5,9,14,2000,2020
NZL,New Zealand,Asia/Pacific,42268.8932,97.6279,estimated_from_gdp,105.8619,93.1919,12.67,0.4877,4.8773,98.9915,116.7163,80.123,,5.8696,21,0,21,2000,2020
OMN,Oman,Middle East/North Africa,41681.6037,97.3079,estimated_from_gdp,85.5264,93.1376,-7.6112,-0.565,-5.6502,99.1889,95.9524,33.0323,97.3465,4.4903,2,17,19,2000,2020
PAK,Pakistan,Asia/Pacific,4430.9933,56.8647,observed,42.5217,78.2047,-35.683,-3.3216,-33.2158,74.1417,30.7383,6.8577,55.9364,2.1089,0,17,17,2003,2019
PAN,Panama,Latin America,23354.1069,74.9727,observed,81.8323,86.414,-4.5817,-0.3607,-3.6069,103.2863,71.5089,43.6951,94.4002,3.6985,2,19,21,2000,2020
PER,Peru,Latin America,11737.606,60.9767,observed,94.165,80.1188,14.0462,1.1867,11.8674,108.2044,92.098,40.7106,98.0552,3.2413,21,0,21,2000,2020
PHL,Philippines,Asia/Pacific,6706.0867,63.3812,observed,81.9709,81.6187,0.3522,0.2225,2.2252,104.7298,83.4703,31.9015,96.4891,2.9664,8,8,16,2001,2020
PLW,Palau,Asia/Pacific,17495.3141,77.72,estimated_from_gdp,103.6763,87.7979,15.8783,0.8493,8.4933,105.6901,105.7687,56.576,102.9793,5.6578,8,1,9,2000,2020
PNG,Papua New Guinea,Asia/Pacific,3538.3061,36.4018,observed,65.1799,65.1253,0.0547,-0.3044,-3.0441,79.7031,40.7726,,56.9387,1.3604,2,5,7,2000,2018
POL,Poland,Europe,27302.6669,87.2326,estimated_from_gdp,93.754,90.7077,3.0463,0.5086,5.086,98.0994,104.58,67.673,98.1644,4.9957,20,1,21,2000,2020
PRI,Puerto Rico,Latin America,41303.9639,97.1874,estimated_from_gdp,93.0063,93.1236,-0.1173,-0.0211,-0.211,98.4856,89.305,94.0112,88.1877,6.2769,4,5,9,2009,2018
PRT,Portugal,Europe,36367.7067,94.2934,estimated_from_gdp,106.4587,92.5452,13.9136,0.6163,6.1631,110.9403,109.3003,64.6756,101.2116,5.0469,21,0,21,2000,2020
PRY,Paraguay,Latin America,12161.936,73.0066,observed,85.693,85.8763,-0.1833,-0.0588,-0.5878,109.4012,72.8501,29.3222,96.0945,3.3377,8,11,19,2000,2020
PSE,West Bank and Gaza,Asia/Pacific,5296.3052,74.0301,observed,81.2972,84.5776,-3.2804,-0.1131,-1.1314,94.0239,86.6981,41.2065,95.014,5.0759,7,14,21,2000,2020
QAT,Qatar,Middle East/North Africa,114395.6356,100.0,estimated_from_gdp,80.1107,93.6112,-13.5005,-1.1521,-11.5211,100.1037,96.2717,15.3022,94.4596,3.6228,1,20,21,2000,2020
ROU,Romania,Europe,25552.1728,85.6024,estimated_from_gdp,84.0258,90.2157,-6.19,-0.3872,-3.8722,97.9639,89.7306,51.7988,93.8413,3.4107,3,18,21,2000,2020
RUS,Russian Federation,Europe,31402.3168,90.578,estimated_from_gdp,91.6703,91.6103,0.0601,0.087,0.8702,102.4924,93.1391,74.711,95.7256,3.8566,12,8,20,2000,2020
RWA,Rwanda,Sub-Saharan Africa,1767.0479,17.8125,observed,58.7015,49.8247,8.8768,1.0517,10.5172,138.3474,27.5172,4.8862,59.4343,3.9028,19,1,20,2000,2019
SAU,Saudi Arabia,Asia/Pacific,57299.7051,91.84,observed,88.4466,91.8024,-3.3559,-0.2057,-2.0573,103.7291,99.842,49.0492,101.4337,5.2844,8,7,15,2005,2020
SDN,Sudan,Sub-Saharan Africa,4132.7335,31.8339,observed,46.867,61.6957,-14.8287,-1.2271,-12.2713,71.7309,40.3673,12.9471,63.2903,1.5137,0,18,18,2001,2018
SEN,Senegal,Sub-Saharan Africa,3461.0411,47.6619,observed,49.3621,72.5917,-23.2296,-2.052,-20.5197,82.0762,34.3771,9.4897,54.5034,4.1486,0,21,21,2000,2020
SGP,Singapore,Asia/Pacific,109118.8085,100.0,estimated_from_gdp,103.102,93.6112,9.4908,0.6025,6.025,101.7837,107.4965,88.3688,99.6897,2.8841,11,0,11,2010,2020
SLB,Solomon Islands,Asia/Pacific,2556.2015,34.1429,estimated_from_gdp,81.9314,63.5554,18.376,0.7578,7.5781,104.8289,36.9431,,85.0689,8.1517,13,3,16,2000,2020
SLE,Sierra Leone,Sub-Saharan Africa,2611.4152,28.2312,observed,68.7581,58.9456,9.8125,0.6295,6.2946,110.9012,42.4966,1.8266,70.22,4.719,9,2,11,2000,2020
SLV,El Salvador,Latin America,8870.0566,64.9505,observed,74.2237,82.4025,-8.1788,-0.6093,-6.0932,107.9641,66.5212,25.1122,91.1962,3.6849,0,21,21,2000,2020
SMR,San Marino,Europe,66105.4212,100.0,estimated_from_gdp,86.7827,93.6112,-6.8285,-0.7082,-7.0825,94.0773,82.8427,58.7658,93.8706,3.1183,3,10,13,2000,2020
SOM,Somalia,Sub-Saharan Africa,887.3694,23.1,observed,13.9474,54.7311,-40.7837,-2.4683,-24.6831,23.3917,6.0772,,,,0,1,1,2007,2007
SRB,Serbia,Europe,16970.435,87.17,observed,87.7378,90.622,-2.8842,-0.1388,-1.3885,101.1223,92.7395,53.0019,99.9684,3.9505,4,17,21,2000,2020
STP,Sao Tome and Principe,Sub-Saharan Africa,4919.9367,46.4176,observed,75.3822,71.9125,3.4698,0.2856,2.8564,115.9246,60.5669,9.7426,80.4145,5.7588,10,7,17,2002,2019
SUR,Suriname,Latin America,21615.1471,80.9656,observed,85.8199,88.8791,-3.0591,-0.4007,-4.0071,106.0445,71.4997,11.2761,81.438,5.4866,3,15,18,2001,2020
SVK,Slovak Republic,Europe,28592.1669,88.3323,estimated_from_gdp,86.6273,91.0123,-4.385,-0.2073,-2.0729,100.9524,92.5409,47.0799,96.8439,4.0174,0,21,21,2000,2020
SVN,Slovenia,Europe,37617.8556,94.9473,estimated_from_gdp,96.6201,92.6589,3.9612,0.6104,6.1037,99.5053,105.5073,79.3063,97.6504,5.38,19,2,21,2000,2020
SWE,Sweden,Europe,55838.0607,100.0,estimated_from_gdp,103.7966,93.6112,10.1855,1.3636,13.636,109.0194,123.5164,72.9453,99.5912,7.0153,21,0,21,2000,2020
SWZ,Eswatini,Sub-Saharan Africa,8090.444,48.8579,observed,81.285,73.4285,7.8565,0.3645,3.6451,115.3772,59.5066,5.1607,80.4668,5.8139,10,9,19,2000,2019
SYC,Seychelles,Sub-Saharan Africa,24401.4653,84.8814,estimated_from_gdp,98.2039,90.0779,8.1261,0.6871,6.8709,117.7643,87.159,20.6588,120.9265,4.1386,17,4,21,2000,2020
SYR,Syrian Arab Republic,Asia/Pacific,8084.024,72.5182,observed,76.9809,85.0017,-8.0208,-0.633,-6.3297,110.3252,62.1887,21.8772,97.6236,5.1923,3,12,15,2000,2020
TCA,Turks and Caicos Islands,Latin America,22327.3453,83.3382,observed,81.1637,89.6253,-8.4616,-0.7105,-7.1049,110.5369,87.242,12.0351,100.9903,2.7757,3,5,8,2009,2020
TCD,Chad,Sub-Saharan Africa,2461.8193,14.539,observed,39.363,47.0427,-7.6797,-0.712,-7.1201,81.367,19.6633,1.8812,33.2376,2.2738,2,18,20,2000,2019
TGO,Togo,Sub-Saharan Africa,2216.5435,34.0286,observed,74.8765,63.3497,11.5267,0.6833,6.8335,119.4774,44.3062,10.7706,76.9149,3.0626,20,1,21,2000,2020
THA,Thailand,Asia/Pacific,16758.4182,80.7906,observed,83.5098,88.714,-5.2042,-0.4517,-4.5166,100.1678,90.9117,45.8547,95.6124,3.8527,7,13,20,2000,2020
TJK,Tajikistan,Asia/Pacific,2402.7777,60.8421,observed,75.5941,80.1583,-4.5642,-0.2322,-2.3224,95.5801,81.4661,22.9726,94.7639,3.9679,3,16,19,2000,2020
TKM,Turkmenistan,Asia/Pacific,15511.2416,83.3,observed,74.7084,89.6772,-14.9689,-1.2289,-12.2887,108.5686,87.189,13.6621,,3.4416,0,2,2,2019,2020
TLS,Timor-Leste,Asia/Pacific,4171.5087,43.3566,observed,88.4147,69.9029,18.5118,1.2286,12.2863,122.3616,66.0429,14.0049,93.3727,7.1992,17,1,18,2001,2020
TON,Tonga,Asia/Pacific,5958.4494,57.6674,observed,104.3998,78.2428,26.157,1.4173,14.1734,119.599,105.7221,9.9823,106.2391,4.4797,17,1,18,2000,2020
TTO,Trinidad and Tobago,Latin America,28306.2704,84.3072,observed,80.3225,89.9665,-9.644,-0.9143,-9.1434,97.1527,84.2731,7.9864,89.6303,3.3424,5,5,10,2000,2010
TUN,Tunisia,Sub-Saharan Africa,11567.0794,75.5717,observed,79.5316,86.6456,-7.114,-0.4836,-4.8365,106.6729,82.6634,30.1575,93.015,6.3776,0,20,20,2000,2020
TUR,Turkiye,Asia/Pacific,21463.8557,82.4381,observed,90.5741,89.2681,1.306,0.2942,2.9421,105.1652,94.96,66.2637,102.0791,4.175,9,12,21,2000,2020
TUV,Tuvalu,Asia/Pacific,4121.0906,53.7295,observed,95.7467,75.8046,19.9421,1.0104,10.1043,99.9694,79.7205,,100.748,,12,0,12,2001,2020
TZA,Tanzania,Sub-Saharan Africa,2684.4791,25.69,observed,60.6461,56.7686,3.8775,0.0029,0.0287,93.5145,29.8725,2.5394,70.4677,3.996,10,10,20,2000,2020
UGA,Uganda,Sub-Saharan Africa,2081.4552,21.6222,observed,61.6705,53.2805,8.39,0.4434,4.4338,119.1278,24.9048,3.8821,57.1507,2.3737,10,8,18,2000,2017
UKR,Ukraine,Europe,15935.9247,77.7369,observed,92.4107,87.7376,4.6732,0.7256,7.2562,99.9034,94.9755,74.2476,97.0909,5.6967,15,6,21,2000,2020
URY,Uruguay,Latin America,23936.6034,86.2124,observed,93.8843,90.4553,3.429,0.6041,6.0412,109.4136,104.8725,51.4832,99.082,3.5998,18,3,21,2000,2020
USA,United States,North America,64921.0448,100.0,estimated_from_gdp,96.5311,93.6112,2.92,0.3277,3.2774,100.7812,98.1541,87.5151,100.0844,5.3988,8,1,9,2005,2020
UZB,Uzbekistan,Europe,5883.7437,60.2732,observed,77.5641,80.1033,-2.5392,-0.0239,-0.2387,97.0572,91.3945,10.5406,97.0263,5.5323,2,19,21,2000,2020
VCT,St. Vincent and the Grenadines,Latin America,13626.944,71.9117,estimated_from_gdp,95.5261,85.5202,10.0059,0.7616,7.616,111.0664,104.0851,23.6124,106.3661,5.9953,18,1,19,2000,2020
VNM,Viet Nam,Asia/Pacific,7718.3998,65.84,observed,80.4235,82.2963,-1.8728,-0.2396,-2.3958,106.3605,90.5622,21.1687,101.3228,3.8275,7,13,20,2000,2020
VUT,Vanuatu,Asia/Pacific,3247.1268,41.3017,observed,79.5306,68.6804,10.8502,0.3891,3.8911,112.5889,43.2202,4.4889,86.7373,5.9101,8,5,13,2000,2020
WSM,Samoa,Asia/Pacific,6117.5376,62.2424,observed,87.9341,80.2415,7.6926,0.4606,4.606,100.8243,80.4493,12.5033,98.1512,4.3891,14,5,19,2000,2020
ZAF,South Africa,Sub-Saharan Africa,13586.8787,66.8461,observed,84.434,83.2495,1.1844,-0.0186,-0.1864,102.286,91.3005,19.9518,88.408,5.0774,15,6,21,2000,2020
ZMB,Zambia,Sub-Saharan Africa,2884.3187,25.4333,observed,89.0432,56.5777,32.4654,1.4478,14.4782,106.9399,,3.9968,81.2128,2.5016,12,0,12,2000,2013
ZWE,Zimbabwe,Sub-Saharan Africa,5235.4168,40.4692,observed,74.0853,68.0436,6.0417,0.2762,2.762,103.8892,45.2876,8.6577,91.4829,5.2148,6,7,13,2000,2020